Constituency,State, No,Winning Candidate,Party,Margin,Electors,Votes,Turnout,Margin %
AJMER, Rajasthan,13,BHAGIRATH CHOUDHARY,Bharatiya Janta Party,329991,1438643,928100,56.56669221,23.5
ALWAR, Rajasthan,8,BHUPENDER YADAV,Bharatiya Janta Party,48282,1165997,1061160,69.02411448,32
AMBALA, Haryana,1,VARUN CHAUDHRY,Indian National Congress,49036,1382837,1063730,18.44248068,12.5
ANANTNAG-RAJOURI, Jammu and Kashmir,3,MIAN ALTAF AHMAD,Jammu & Kashmir National Conference,281794,1866262,1145323,76.56904848,39
ARAKKONAM, Tamil Nadu,7,S JAGATHRATCHAKAN,Dravida Munnetra Kazhagam,306559,1793677,1203797,69.32603789,1.5
ARANI, Tamil Nadu,12,THARANIVENTHAN M S,Dravida Munnetra Kazhagam,208766,1713598,1116367,52.98790678,30
Adilabad, Telangana,1,GODAM NAGESH,Bharatiya Janta Party,90652,1580673,997024,26.16080951,9.5
Agra, Uttar Pradesh,18,PROF S P SINGH BAGHEL,Bharatiya Janta Party,271294,1844532,1262214,32.15371937,57.5
Ahmedabad East, Gujarat,7,HASMUKHBHAI PATEL (H.S.PATEL),Bharatiya Janta Party,461755,1714490,1025314,30.57266231,7
Ahmedabad West, Gujarat,8,DINESHBHAI MAKWANA (ADVOCATE),Bharatiya Janta Party,286437,1757645,1119440,22.39653113,6
Ahmednagar, Maharashtra,37,NILESH DNYANDEV LANKE,Nationalist Congress Party – Sharadchandra Pawar,28929,1298061,1088728,73.59819456,57
Akbarpur, Uttar Pradesh,44,DEVENDRA SINGH ALIAS BHOLE SINGH,Bharatiya Janta Party,44345,1219063,1018743,36.2008269,38.5
Akola, Maharashtra,6,ANUP SANJAY DHOTRE,Bharatiya Janta Party,40626,1847005,1163184,95.68968457,17.5
Alappuzha, Kerala,15,K. C VENUGOPAL,Indian National Congress,63513,1527563,1380217,25.33194468,56.5
Alathur, Kerala,9,K.RADHAKRISHNAN,Communist Party of India (Marxist),20111,1679883,989056,29.55826075,31
Aligarh, Uttar Pradesh,15,SATISH KUMAR GAUTAM,Bharatiya Janta Party,15647,1287611,1194472,49.10757162,11
Alipurduars, West Bengal,2,MANOJ TIGGA,Bharatiya Janta Party,75447,2059180,1265674,49.49718155,13.5
Allahabad, Uttar Pradesh,52,UJJWAL RAMAN SINGH,Indian National Congress,58795,1156280,1232895,76.51890698,33.5
Almora, Uttarakhand,3,AJAY TAMTA,Bharatiya Janta Party,234097,1757524,1316235,31.10373936,39.5
Amalapuram (SC), Andhra Pradesh,7,G M HARISH (BALAYOGI),Telugu Desam,342196,1744287,1090152,40.47069859,51
Ambedkar Nagar, Uttar Pradesh,55,LALJI VERMA,Samajwadi Party,137247,1703510,942453,97.30932125,36.5
Amethi, Uttar Pradesh,37,KISHORI LAL,Indian National Congress,167196,1752097,1112385,82.91758887,52.5
Amravati, Maharashtra,7,BALWANT BASWANT WANKHADE,Indian National Congress,19731,1602346,909167,29.58554902,9
Amreli, Gujarat,14,BHARATBHAI MANUBHAI SUTARIYA,Bharatiya Janta Party,321068,1468972,859513,55.75922098,56
Amritsar, Punjab,2,GURJEET SINGH AUJLA,Indian National Congress,40301,1596897,1169182,49.7212701,19
Amroha, Uttar Pradesh,9,KANWAR SINGH TANWAR,Bharatiya Janta Party,28670,1397335,1238491,63.92217187,35
Anakapalle, Andhra Pradesh,5,C.M.RAMESH,Bharatiya Janta Party,296530,1614307,1108661,79.68287221,21
Anand, Gujarat,16,MITESH PATEL (BAKABHAI),Bharatiya Janta Party,89939,1648822,1081727,80.47034632,22
Anandpur Sahib, Punjab,6,MALVINDER SINGH KANG,Aam Aadmi Party,10846,1489758,1342306,46.28474026,32.5
Ananthapur, Andhra Pradesh,19,AMBICA G LAKSHMINARAYANA VALMIKI,Telugu Desam,188555,1301023,124896,36.33359559,37.5
Andaman & Nicobar Islands, Andaman and Nicobar Islands,1,BISHNU PADA RAY,Bharatiya Janta Party,24396,269360,207296,22.65457575,19.5
Aonla, Uttar Pradesh,24,NEERAJ MAURYA,Samajwadi Party,15969,1750190,1052795,53.52249286,37
Araku (ST), Andhra Pradesh,1,GUMMA THANUJA RANI,Yuvajana Sramika Rythu Congress Party,50580,1461110,1178060,31.83717629,3
Arambagh, West Bengal,29,BAG MITALI,All India Trinamool Congress,6399,1631133,1471981,79.28489703,59
Araria, Bihar,9,PRADEEP KUMAR SINGH,Bharatiya Janta Party,20094,1407725,1143907,86.59520182,40.5
Arrah, Bihar,32,SUDAMA PRASAD,Communist Party of India (Marxist-Leninist) (Liberation),59808,1469717,1169630,64.97543801,49.5
Arunachal East, Arunachal Pradesh,2,TAPIR GAO,Bharatiya Janta Party,30421,2055316,1080684,61.28432035,10
Arunachal West, Arunachal Pradesh,1,KIREN RIJIJU,Bharatiya Janta Party,100738,1358657,1074538,32.34461399,33
Asansol, West Bengal,40,SHATRUGHAN PRASAD SINHA,All India Trinamool Congress,59564,335682,293781,57.85211915,14.5
Aska, Odisha,19,ANITA SUBHADARSHINI,Bharatiya Janta Party,99974,458680,358310,49.08412683,47.5
Attingal, Kerala,19,ADV ADOOR PRAKASH,Indian National Congress,684,1770467,1238135,42.57763731,8
Aurangabad, Maharashtra,19,BHUMARE SANDIPANRAO ASARAM,Shiv Sena,134650,1494153,1013862,26.80993969,4
Aurangabad, Bihar,37,ABHAY KUMAR SINHA,Rashtriya Janata Dal,79111,1313675,1004888,93.9613731,45
Azamgarh, Uttar Pradesh,69,DHARMENDRA YADAV,Samajwadi Party,161035,1762823,1198221,44.98259602,22.5
BALAGHAT, Madhya Pradesh,15,BHARTI PARDHI,Bharatiya Janta Party,174512,1737821,941595,86.74462174,2
BANSWARA, Rajasthan,20,RAJ KUMAR ROAT,Bharat Adivasi Party,247054,761744,617735,68.43425519,41
BARAMULLA, Jammu and Kashmir,1,ABDUL RASHID SHEIKH,Independent,204142,1773820,1029112,59.79974402,55.5
BARMER, Rajasthan,17,UMMEDA RAM BENIWAL,Indian National Congress,118176,2199914,1081108,35.54157612,26.5
BASTAR, Chhattisgarh,10,MAHESH KASHYAP,Bharatiya Janta Party,55245,1688394,1204613,60.00746797,3.5
BETUL, Madhya Pradesh,29,DURGADAS (D. D.) UIKEY,Bharatiya Janta Party,379761,1558020,1044894,72.20111405,49
BHARATPUR, Rajasthan,9,SANJNA JATAV,Indian National Congress,51983,1746812,1299997,86.1794073,23
BHILWARA, Rajasthan,23,DAMODAR AGARWAL,Bharatiya Janta Party,354606,1686646,989848,61.02630687,50.5
BHIND, Madhya Pradesh,2,SANDHYA RAY,Bharatiya Janta Party,64840,1725505,1372018,85.20783829,28.5
BHIWANI-MAHENDRAGARH, Haryana,8,DHARAMBIR SINGH,Bharatiya Janta Party,41510,1471650,1157871,58.21398618,46
BHOPAL, Madhya Pradesh,19,ALOK SHARMA,Bharatiya Janta Party,501499,1792821,989732,93.02759098,14
BIKANER, Rajasthan,2,ARJUN RAM MEGHWAL,Bharatiya Janta Party,55711,1543162,1197849,89.81318097,13
BILASPUR, Chhattisgarh,5,TOKHAN SAHU,Bharatiya Janta Party,164558,1512076,1102081,65.53059957,34
Badaun, Uttar Pradesh,23,ADITYA YADAV,Samajwadi Party,34991,1659357,1034549,87.01867471,28
Bagalkot, Karnataka,3,GADDIGOUDAR. PARVATAGOUDA. CHANDANAGOUDA.,Bharatiya Janta Party,68399,2165307,1197234,18.00453636,42
Baghpat, Uttar Pradesh,11,DR RAJKUMAR SANGWAN,Rashtriya Lok Dal,159459,2819424,1559459,76.10764984,41.5
Baharaich, Uttar Pradesh,56,ANAND KUMAR,Bharatiya Janta Party,64227,1601076,1621906,36.63516037,55
Baharampur, West Bengal,10,PATHAN YUSUF,All India Trinamool Congress,85022,2175375,1188491,82.80032706,25
Balasore, Odisha,6,PRATAP CHANDRA SARANGI,Bharatiya Janta Party,147156,1618541,1407758,72.37583,29
Ballia, Uttar Pradesh,72,SANATAN PANDEY,Samajwadi Party,43384,1687940,995806,23.06561556,7.5
Balurghat, West Bengal,6,SUKANTA MAJUMDAR,Bharatiya Janta Party,10386,1770248,1371855,85.73469628,58
Banaskantha, Gujarat,2,GENIBEN NAGAJI THAKOR,Indian National Congress,30406,1748683,969136,76.52158701,40
Banda, Uttar Pradesh,48,KRISHNA DEVI SHIVSHANKER PATEL,Samajwadi Party,71210,1920325,1439671,91.20859298,44.5
Bangalore North, Karnataka,24,SHOBHA KARANDLAJE,Bharatiya Janta Party,259476,1361646,1266492,64.6482032,43
Bangalore Rural, Karnataka,23,DR C N MANJUNATH,Bharatiya Janta Party,269647,1762832,1155341,34.56125771,11.5
Bangalore South, Karnataka,26,TEJASVI SURYA,Bharatiya Janta Party,277083,2025795,1304728,72.07577359,21.5
Bangalore central, Karnataka,25,P C MOHAN,Bharatiya Janta Party,32707,1190745,455550,94.45612569,20.5
Bangaon, West Bengal,14,SHANTANU THAKUR,Bharatiya Janta Party,73693,1882204,1394766,77.21854305,15.5
Banka, Bihar,27,GIRIDHARI YADAV,Janata Dal (United),103844,1836635,1439286,30.2461652,5
Bankura, West Bengal,36,ARUP CHAKRABORTY,All India Trinamool Congress,32778,1779851,1348038,19.52792639,45.5
Bansgaon, Uttar Pradesh,67,KAMLESH PASWAN,Bharatiya Janta Party,3150,1760865,1068342,97.74430726,16.5
Bapatla (SC), Andhra Pradesh,15,KRISHNA PRASAD TENNETI,Telugu Desam,208031,1530044,1247912,95.16014565,20
Barabanki, Uttar Pradesh,53,TANUJ PUNIA,Indian National Congress,215704,2320339,1422271,57.89113616,8.5
Baramati, Maharashtra,35,SUPRIYA SULE,Nationalist Congress Party – Sharadchandra Pawar,158333,1449560,1458549,98.74827096,35.5
Barasat, West Bengal,17,KAKOLI GHOSH DASTIDAR,All India Trinamool Congress,114189,1551157,1104517,68.51001343,1
Bardhaman Purba, West Bengal,38,DR. SHARMILA SARKAR,All India Trinamool Congress,160572,1833511,1433339,98.83079896,31.5
Bardhaman-Durgapur, West Bengal,39,AZAD KIRTI JHA,All India Trinamool Congress,137981,1357443,912846,43.30916072,16
Bardoli, Gujarat,23,PARBHUBHAI NAGARBHAI VASAVA,Bharatiya Janta Party,230253,1839900,1054539,69.39872103,29.5
Bareilly, Uttar Pradesh,25,CHHATRA PAL SINGH GANGWAR,Bharatiya Janta Party,34804,1589895,1200810,89.52401781,38
Bargarh, Odisha,1,PRADEEP PUROHIT,Bharatiya Janta Party,251667,1621102,1352399,27.97915212,4.5
Barpeta, Assam,3,PHANI BHUSAN CHOUDHURY,Asom Gana Parishad,222351,1942769,1225594,52.47418624,53
Barrackpur, West Bengal,15,PARTHA BHOWMICK,All India Trinamool Congress,64438,1749746,1205229,85.61283435,54
Basirhat, West Bengal,18,SK NURUL ISLAM,All India Trinamool Congress,333547,1713330,1221926,22.71175012,25.5
Basti, Uttar Pradesh,61,RAM PRASAD CHAUDHARY,Samajwadi Party,100994,1433671,989910,57.83454777,0.5
Bathinda, Punjab,11,HARSIMRAT KAUR BADAL,Shiromani Akali Dal,49656,1702517,1357857,96.56925144,47
Beed, Maharashtra,39,BAJRANG MANOHAR SONWANE,Nationalist Congress Party – Sharadchandra Pawar,6553,1886673,1039390,82.74303925,6.5
Begusarai, Bihar,24,GIRIRAJ SINGH,Bharatiya Janta Party,81480,1583464,1223754,94.27250985,34.5
Belgaum, Karnataka,2,JAGADISH SHETTAR,Bharatiya Janta Party,178437,1811980,1042518,46.63602469,26
Bellary, Karnataka,9,E. TUKARAM,Indian National Congress,98992,1756518,1244931,59.35151445,24.5
Berhampur, Odisha,20,DR. PRADEEP KUMAR PANIGRAHY,Bharatiya Janta Party,165476,1897465,1146797,46.57790698,51.5
Bhadohi, Uttar Pradesh,78,DR. VINOD KUMAR BIND,Bharatiya Janta Party,44072,1522113,1149725,75.40776597,48
Bhadrak, Odisha,7,AVIMANYU SETHI,Bharatiya Janta Party,91544,1734124,1041279,28.59916433,58.5
Bhagalpur, Bihar,26,AJAY KUMAR MANDAL,Janata Dal (United),104868,1958631,1310513,59.47033831,30.5
Bhandara Gondiya, Maharashtra,11,DR. PRASHANT YADAORAO PADOLE,Indian National Congress,37380,1711977,960687,82.65914304,36
Bharuch, Gujarat,22,MANSUKHBHAI DHANJIBHAI VASAVA,Bharatiya Janta Party,85696,1785952,1005172,98.37767442,15
Bhavnagar, Gujarat,15,NIMUBEN JAYANTIBHAI BAMBHANIYA (NIMUBEN BAMBHANIYA),Bharatiya Janta Party,455289,1566494,1161115,89.29138946,10.5
Bhiwandi, Maharashtra,23,BALYA MAMA - SURESH GOPINATH MHATRE,Nationalist Congress Party – Sharadchandra Pawar,66121,1544683,1212631,35.95403454,24
Bhongir, Telangana,14,CHAMALA KIRAN KUMAR REDDY,Indian National Congress,222170,2075376,1407954,90.24173656,2.5
Bhubaneswar, Odisha,18,APARAJITA SARANGI,Bharatiya Janta Party,35152,1600900,1005215,16.96831469,42.5
Bidar, Karnataka,7,SAGAR ESHWAR KHANDRE,Indian National Congress,128875,1740232,1117167,63.86042391,18.5
Bijapur, Karnataka,4,RAMESH JIGAJINAGI,Bharatiya Janta Party,77229,1777109,1111354,51.84174682,17
Bijnor, Uttar Pradesh,4,CHANDAN CHAUHAN,Rashtriya Lok Dal,37508,1619514,1100763,65.88027399,54.5
Birbhum, West Bengal,42,SATABDI ROY,All India Trinamool Congress,197650,1793022,1099598,61.44292254,59.5
Bishnupur, West Bengal,37,KHAN SAUMITRA,Bharatiya Janta Party,5567,1811606,1209434,82.80680941,52
Bolangir, Odisha,10,SANGEETA KUMARI SINGH DEO,Bharatiya Janta Party,132664,1587802,1449423,46.7373321,50
Bolpur, West Bengal,41,ASIT KUMAR MAL,All India Trinamool Congress,327253,1740964,1420648,84.47715956,48.5
Bulandshahr, Uttar Pradesh,14,DR BHOLA SINGH,Bharatiya Janta Party,275134,1677774,1306705,95.93011773,12
Buldhana, Maharashtra,5,JADHAV PRATAPRAO GANPATRAO,Shiv Sena,29479,1864137,1461269,93.95557836,5.5
Buxar, Bihar,33,SUDHAKAR SINGH,Rashtriya Janata Dal,30091,1759305,1123629,64.90434783,44
CHENNAI CENTRAL, Tamil Nadu,4,DAYANIDHI MARAN,Dravida Munnetra Kazhagam,244689,1977994,1120359,69.96162663,43.5
CHENNAI NORTH, Tamil Nadu,2,DR.KALANIDHI VEERASWAMY,Dravida Munnetra Kazhagam,339222,1905750,1433007,96.29138564,18
CHENNAI SOUTH, Tamil Nadu,3,T.SUMATHY (ALIAS) THAMIZHACHI THANGAPANDIAN,Dravida Munnetra Kazhagam,225945,1806004,986861,76.9265028,53.5
CHHINDWARA, Madhya Pradesh,16,BUNTY VIVEK SAHU,Bharatiya Janta Party,113618,1163476,990224,40.21340093,27
CHIDAMBARAM, Tamil Nadu,27,THIRUMAAVALAVAN THOL,Viduthalai Chiruthaigal Katch,103554,1669209,1270658,54.89722819,46.5
CHITTORGARH, Rajasthan,21,CHANDRA PRAKASH JOSHI,Bharatiya Janta Party,389877,1696059,1084961,25.79998587,27.5
CHURU, Rajasthan,3,RAHUL KASWAN,Indian National Congress,72737,615214,456568,83.71950079,23.5
COIMBATORE, Tamil Nadu,20,GANAPATHY RAJKUMAR P,Dravida Munnetra Kazhagam,118068,1447228,980390,98.33288788,32
CUDDALORE, Tamil Nadu,26,M.K. VISHNUPRASAD,Indian National Congress,185896,1846431,1238474,86.50906875,12.5
Chalakudy, Kerala,11,BENNY BEHANAN,Indian National Congress,63754,1375612,925937,58.2160212,39
Chamarajanagar, Karnataka,22,SUNIL BOSE,Indian National Congress,188706,2302163,1300194,87.33351053,1.5
Chandauli, Uttar Pradesh,76,BIRENDRA SINGH,Samajwadi Party,21565,1316388,785450,83.32059058,30
Chandigarh, Chandigarh,1,MANISH TEWARI,Indian National Congress,2504,1444753,955545,40.97830395,9.5
Chandni Chowk, Delhi,1,PRAVEEN KHANDELWAL,Bharatiya Janta Party,89325,1916378,1125857,80.97726642,57.5
Chandrapur, Maharashtra,13,DHANORKAR PRATIBHA SURESH ALIAS BALUBHAU,Indian National Congress,260406,1480503,1248031,69.16993263,7
Chatra, Jharkhand,4,KALI CHARAN SINGH,Bharatiya Janta Party,220959,1433397,1232459,81.38441092,6
Chevella, Telangana,10,KONDA VISHWESHWAR REDDY,Bharatiya Janta Party,172897,1459769,1153192,60.2326564,57
Chhota Udaipur, Gujarat,21,JASHUBHAI BHILUBHAI RATHVA,Bharatiya Janta Party,398777,1804143,1386963,26.79393027,38.5
Chikkballapur, Karnataka,27,DR.K.SUDHAKAR,Bharatiya Janta Party,163460,1574203,1217549,55.85053709,17.5
Chikkodi, Karnataka,1,PRIYANKA SATISH JARKIHOLI,Indian National Congress,90834,1736643,1245950,33.03148642,56.5
Chitradurga, Karnataka,18,GOVIND MAKTHAPPA KARJOL,Bharatiya Janta Party,48121,1430405,1319472,31.53952278,31
Chittoor(SC), Andhra Pradesh,25,DAGGUMALLA PRASADA RAO,Telugu Desam,220479,1982095,1458760,61.61696133,11
Coochbehar, West Bengal,1,JAGADISH CHANDRA BARMA BASUNIA,All India Trinamool Congress,39250,1962475,1328422,77.40503896,13.5
Cuttack, Odisha,14,BHARTRUHARI MAHTAB,Bharatiya Janta Party,57077,1909712,1250885,46.72018207,33.5
DAMOH, Madhya Pradesh,7,RAHUL SINGH LODHI,Bharatiya Janta Party,406426,1687773,1524683,95.15618364,39.5
DAUSA, Rajasthan,11,MURARI LAL MEENA,Indian National Congress,237340,1342320,1043202,59.21920347,51
DEWAS, Madhya Pradesh,21,MAHENDRA SINGH SOLANKY,Bharatiya Janta Party,425225,1460895,1059490,79.50360288,36.5
DHAR, Madhya Pradesh,25,SAVITRI THAKUR,Bharatiya Janta Party,218665,196617,198983,78.33120328,52.5
DHARMAPURI, Tamil Nadu,10,MANI. A.,Dravida Munnetra Kazhagam,21300,1542941,1063212,25.12477715,9
DINDIGUL, Tamil Nadu,22,SACHITHANANTHAM R,Communist Party of India (Marxist),443821,1698859,1345039,82.12824381,56
DURG, Chhattisgarh,7,VIJAY BAGHEL,Bharatiya Janta Party,438226,111827,87469,53.02784865,19
Dadar & Nagar Haveli, Dadra and Nagar Haveli,2,DELKAR KALABEN MOHANBHAI,Bharatiya Janta Party,57584,1737702,1164226,65.74689477,35
Dahod, Gujarat,19,JASWANTSINH SUMANBHAI BHABHOR,Bharatiya Janta Party,333677,1644671,964996,49.87242168,21
Dakshina Kannada, Karnataka,17,CAPTAIN BRIJESH CHOWTA,Bharatiya Janta Party,149208,1519531,1267270,72.84868655,22
Daman & Diu, Daman and Diu,1,PATEL UMESHBHAI BABUBHAI,Independent,6225,1692217,1062834,68.12178883,32.5
Darbhanga, Bihar,14,GOPAL JEE THAKUR,Bharatiya Janta Party,178156,1613781,1194586,55.08930154,37.5
Darjeeling, West Bengal,4,RAJU BISTA,Bharatiya Janta Party,178525,1751752,1015363,78.33756812,19.5
Darrang-Udalguri, Assam,4,DILIP SAIKIA,Bharatiya Janta Party,329012,1718488,1398946,84.283262,37
Davanagere, Karnataka,13,DR. PRABHA MALLIKARJUN,Indian National Congress,26094,2050314,1252817,78.67587327,3
Deoria, Uttar Pradesh,66,SHASHANK MANI,Bharatiya Janta Party,34842,1752846,1344132,43.20639255,59
Dhanbad, Jharkhand,7,DULU MAHATO,Bharatiya Janta Party,331583,1453257,1223205,52.76617422,40.5
Dharwad, Karnataka,11,PRALHAD JOSHI,Bharatiya Janta Party,97324,1687290,1213505,90.95316044,49.5
Dhaurahra, Uttar Pradesh,29,ANAND BHADAURIYA,Samajwadi Party,4449,1604211,1063840,98.97740455,10
Dhenkanal, Odisha,9,RUDRA NARAYAN PANY,Bharatiya Janta Party,76567,1461182,1131522,58.34051833,33
Dhubri, Assam,2,RAKIBUL HUSSAIN,Indian National Congress,1012476,1799561,1685005,77.38137083,14.5
Dhule, Maharashtra,2,BACHHAV SHOBHA DINESH,Indian National Congress,3831,1787801,1085038,61.20699364,47.5
Diamond harbour, West Bengal,21,ABHISHEK BANERJEE,All India Trinamool Congress,710930,1873955,1409002,57.61590192,8
Dibrugarh, Assam,13,SARBANANDA SONOWAL,Bharatiya Janta Party,279321,1265748,1015748,73.01128071,4
Dindori, Madhya Pradesh,20,BHASKAR MURLIDHAR BHAGARE,Nationalist Congress Party – Sharadchandra Pawar,113199,1518633,1160046,58.16795722,45
Diphu, Assam,6,AMARSING TISSO,Bharatiya Janta Party,147603,1651955,1137631,96.81625759,22.5
Domariyaganj, Uttar Pradesh,60,JAGDAMBIKA PAL,Bharatiya Janta Party,42728,1894047,985269,37.82347829,2
Dum dum, West Bengal,16,SOUGATA RAY,All India Trinamool Congress,70660,1699710,1204660,27.34496103,41
Dumka, Jharkhand,2,NALIN SOREN,Jharkhand Mukti Morcha,22527,1349843,1025968,72.01177428,55.5
ERODE, Tamil Nadu,17,K E PRAKASH,Dravida Munnetra Kazhagam,236566,1878677,1391996,92.00605269,26.5
East Delhi, Delhi,3,HARSH MALHOTRA,Bharatiya Janta Party,93663,1829578,1257821,87.71460218,3.5
Eluru, Andhra Pradesh,10,PUTTA MAHESH KUMAR,Telugu Desam,181857,1418277,1327923,54.34686337,49
Ernakulam, Kerala,12,HIBI EDEN,Indian National Congress,250385,1190575,967203,73.5233071,23
Etah, Uttar Pradesh,22,DEVESH SHAKYA,Samajwadi Party,28052,1427534,1067863,83.47009157,50.5
Etawah, Uttar Pradesh,41,JITENDRA KUMAR DOHARE,Samajwadi Party,58419,1587949,999607,80.59566439,28.5
FARIDABAD, Haryana,10,KRISHAN PAL,Bharatiya Janta Party,172914,1714935,1027815,45.37953529,46
Faizabad, Uttar Pradesh,54,AWADHESH PRASAD,Samajwadi Party,54567,1783699,1087121,96.97433598,14
Faridkot, Punjab,9,SARABJEET SINGH KHALSA,Independent,70053,1926323,1327295,24.5987313,13
Farrukhabad, Uttar Pradesh,40,MUKESH RAJPUT,Bharatiya Janta Party,2678,1515062,974947,82.399113,34
Fatehgarh Sahib, Punjab,8,AMAR SINGH,Indian National Congress,34202,1661488,1002953,64.52509714,28
Fatehpur, Uttar Pradesh,49,NARESH CHANDRA UTTAM PATEL,Samajwadi Party,33199,1470008,985948,96.49901751,42
Fatehpur Sikri, Uttar Pradesh,19,RAJKUMAR CHAHAR,Bharatiya Janta Party,43405,1783535,1043655,32.06781829,41.5
Firozabad, Uttar Pradesh,20,AKSHAYA YADAV,Samajwadi Party,89312,1660405,1037151,71.7119539,55
Firozpur, Punjab,10,SHER SINGH GHUBAYA,Indian National Congress,3242,1587296,1172033,59.71062682,25
GANGANAGAR, Rajasthan,1,KULDEEP INDORA,Indian National Congress,88153,1698385,1075866,85.5002068,29
GUNA, Madhya Pradesh,4,JYOTIRADITYA M. SCINDIA,Bharatiya Janta Party,540929,1522662,1142698,44.04083657,7.5
GURGAON, Haryana,9,RAO INDERJIT SINGH,Bharatiya Janta Party,75079,1874564,1284090,75.6711254,58
GWALIOR, Madhya Pradesh,3,BHARAT SINGH KUSHWAH,Bharatiya Janta Party,70210,1901409,1451765,99.26742999,40
Gadchiroli - Chimur, Maharashtra,12,DR. KIRSAN NAMDEO,Indian National Congress,141696,1295238,742784,97.26399901,44.5
Gandhinagar, Gujarat,6,AMIT SHAH,Bharatiya Janta Party,744716,1930145,1763757,79.61609848,43
Garhwal, Uttarakhand,2,ANIL BALUNI,Bharatiya Janta Party,163503,2107718,1392952,97.61885927,11.5
Gautam Buddha Nagar, Uttar Pradesh,13,DR. MAHESH SHARMA,Bharatiya Janta Party,559472,1698772,957248,64.06146479,21.5
Gaya, Bihar,38,JITAN RAM MANJHI,Hindustani Awam Morcha (Secular),101812,1931027,1488818,96.562065,20.5
Ghatal, West Bengal,32,ADHIKARI DEEPAK (DEV),All India Trinamool Congress,182868,2573715,1524456,99.25880533,15.5
Ghaziabad, Uttar Pradesh,12,ATUL GARG,Bharatiya Janta Party,336965,1832844,1105627,90.03192963,5
Ghazipur, Uttar Pradesh,75,AFZAL ANSARI,Samajwadi Party,124861,1945291,1140781,60.31094482,45.5
Ghosi, Uttar Pradesh,70,RAJEEV RAI,Samajwadi Party,162943,1625806,1106918,83.8303853,16.5
Giridih, Jharkhand,6,CHANDRA PRAKASH CHOUDHARY,AJSU Party,80880,1683948,1194036,71.18929048,20
Godda, Jharkhand,3,NISHIKANT DUBEY,Bharatiya Janta Party,101813,1744625,923816,75.28478966,8.5
Gonda, Uttar Pradesh,59,KIRTIVARDHAN SINGH,Bharatiya Janta Party,46224,1832200,1024876,45.60493933,35.5
Gopalganj, Bihar,17,DR. ALOK KUMAR SUMAN,Janata Dal (United),127180,1960935,1184635,34.21063492,1
Gorakhpur, Uttar Pradesh,64,RAVINDRA SHUKLA ALIAS RAVI KISHAN,Bharatiya Janta Party,103526,1920070,1189361,53.57111674,31.5
Gulbarga, Karnataka,5,RADHAKRISHNA,Indian National Congress,27205,1631451,1178423,57.86796883,16
Guntur, Andhra Pradesh,13,DR CHANDRA SEKHAR PEMMASANI,Telugu Desam,344695,1486993,1351474,65.13617444,29.5
Gurdaspur, Punjab,1,SUKHJINDER SINGH RANDHAWA,Indian National Congress,82861,1535937,1103887,63.45731212,38
Guwahati, Assam,5,BIJULI KALITA MEDHI,Bharatiya Janta Party,251090,1990711,1446509,70.77749027,4.5
HAMIRPUR, Himachal Pradesh,3,ANURAG SINGH THAKUR,Bharatiya Janta Party,182357,1938511,1196096,89.1112124,53
HISAR, Haryana,4,JAI PARKASH (J P) S/O HARIKESH,Indian National Congress,63381,1810137,1006817,21.47107954,54
HOSHANGABAD, Madhya Pradesh,17,DARSHAN SINGH CHOUDHARY,Bharatiya Janta Party,431696,1247699,988765,76.30879025,25.5
Hajipur, Bihar,21,CHIRAG PASWAN,Lok Janshakti Party(Ram Vilas),170105,1715940,1089778,35.14859577,0.5
Hamirpur, Uttar Pradesh,47,AJENDRA SINGH LODHI,Samajwadi Party,2629,1775274,1057558,35.64998303,47
Hardoi, Uttar Pradesh,31,JAI PRAKASH,Bharatiya Janta Party,27856,1785889,1271030,85.76397163,6.5
Haridwar, Uttarakhand,5,TRIVENDRA SINGH RAWAT,Bharatiya Janta Party,164056,1630952,1277552,67.08952837,34.5
Hassan, Karnataka,16,SHREYAS. M. PATEL,Indian National Congress,42649,1799499,1150294,44.83001543,26
Hathras, Uttar Pradesh,16,ANOOP PRADHAN BALMIKI,Bharatiya Janta Party,247318,1693449,1252211,46.74815232,24.5
Hatkanangale, Maharashtra,48,DHAIRYASHEEL SAMBHAJIRAO MANE,Shiv Sena,13426,1680025,1266679,71.30003207,51.5
Haveri, Karnataka,10,BASAVARAJ BOMMAI,Bharatiya Janta Party,43513,1518831,1080929,80.25324629,48
Hazaribagh, Jharkhand,14,MANISH JAISWAL,Bharatiya Janta Party,276686,1434282,1338514,42.23053442,58.5
Hindupur, Andhra Pradesh,20,B K PARTHASARATHI,Telugu Desam,132427,1659433,1157516,40.29307736,30.5
Hingoli, Maharashtra,15,AASHTIKAR PATIL NAGESH BAPURAO,Shiv Sena (Uddhav Balasaheb Thackrey),108602,1558281,1179869,33.25225464,36
Hooghly, West Bengal,28,RACHNA BANERJEE,All India Trinamool Congress,76853,1373449,1457842,64.19349893,15
Hoshiarpur, Punjab,5,DR. RAJ KUMAR CHABBEWAL,Aam Aadmi Party,44111,1650087,1265869,19.1993021,10.5
Howrah, West Bengal,25,PRASUN BANERJEE,All India Trinamool Congress,169442,1548898,990791,80.05106872,24
Hyderabad, Telangana,9,ASADUDDIN OWAISI,All India Majlis-E-Ittehadul Muslimeen,338087,1796175,1222293,54.11368524,2.5
INDORE, Madhya Pradesh,26,SHANKAR LALWANI,Bharatiya Janta Party,1175092,1927685,877872,91.45219113,42.5
Idukki, Kerala,13,ADV. DEAN KURIAKOSE,Indian National Congress,133727,1160824,919297,39.39942404,18.5
Inner Manipur, Manipur,1,ANGOMCHA BIMOL AKOIJAM,Indian National Congress,109801,2235342,1629108,82.12880987,17
JABALPUR, Madhya Pradesh,13,ASHISH DUBEY,Bharatiya Janta Party,486674,855359,759301,66.99705038,54.5
JAIPUR, Rajasthan,7,MANJU SHARMA,Bharatiya Janta Party,331767,1767369,1263573,64.25623323,59.5
JAIPUR RURAL, Rajasthan,6,RAO RAJENDRA SINGH,Bharatiya Janta Party,1615,1990328,1436894,77.16753638,52
JALORE, Rajasthan,18,LUMBARAM,Bharatiya Janta Party,201543,1584635,1229190,98.04838392,50
JAMMU, Jammu and Kashmir,5,JUGAL KISHORE,Bharatiya Janta Party,135498,1573907,822065,87.55733831,48.5
JANJGIR-CHAMPA, Chhattisgarh,3,KAMLESH JANGDE,Bharatiya Janta Party,60000,2043881,1456404,64.67783597,12
JHALAWAR-BARAN, Rajasthan,25,DUSHYANT SINGH,Bharatiya Janta Party,370989,1897332,1276693,76.44580198,5.5
JHUNJHUNU, Rajasthan,4,BRIJENDRA SINGH OLA,Indian National Congress,18235,1413322,1092084,63.41237876,44
JODHPUR, Rajasthan,16,GAJENDRA SINGH SHEKHAWAT,Bharatiya Janta Party,115677,1574968,1018998,62.72393324,43.5
Jadavpur, West Bengal,22,SAYANI GHOSH,All India Trinamool Congress,258201,1470521,1129955,39.29247005,18
Jagatsinghpur, Odisha,16,BIBHU PRASAD TARAI,Bharatiya Janta Party,40696,1845368,1088277,96.73579389,53.5
Jahanabad, Bihar,36,SURENDRA PRASAD YADAV,Rashtriya Janata Dal,142591,1765712,1208139,73.78680155,27
Jajpur, Odisha,8,RABINDRA NARAYAN BEHERA,Bharatiya Janta Party,1587,1600603,1361619,65.02851325,46.5
Jalandhar, Punjab,4,CHARANJIT SINGH CHANNI,Indian National Congress,175993,1618231,1500922,69.21945743,27.5
Jalaun, Uttar Pradesh,45,NARAYAN DAS AHIRWAR,Samajwadi Party,53898,1848155,1478795,30.42335428,23.5
Jalgaon, Maharashtra,3,SMITA UDAY WAGH,Bharatiya Janta Party,251594,1615693,1010965,72.89123372,18.5
Jalna, Maharashtra,18,KALYAN VAIJINATHRAO KALE,Indian National Congress,109958,1658549,1144226,32.89233304,11.5
Jalpaiguri, West Bengal,3,DR JAYANTA KUMAR ROY,Bharatiya Janta Party,86693,1709356,949137,40.70984098,27
Jamnagar, Gujarat,12,POONAMBEN HEMATBHAI MAADAM,Bharatiya Janta Party,238008,1713293,1304504,59.6182173,33
Jamshedpur, Jharkhand,9,BIDYUT BARAN MAHATO,Bharatiya Janta Party,259782,1850601,1247650,83.73138206,33.5
Jamui, Bihar,40,ARUN BHARTI,Lok Janshakti Party(Ram Vilas),112482,1759456,1040652,84.63988502,50
Jangipur, West Bengal,9,KHALILUR RAHAMAN,All India Trinamool Congress,116637,1863755,1369868,64.72769906,57.5
Jaunpur, Uttar Pradesh,73,BABU SINGH KUSHWAHA,Samajwadi Party,99335,1835089,1060562,40.64932424,33
Jhanjharpur, Bihar,7,RAMPRIT MANDAL,Janata Dal (United),184169,2385972,1380890,94.95971785,58.5
Jhansi, Uttar Pradesh,46,ANURAG SHARMA,Bharatiya Janta Party,102614,1522363,1406214,70.22238603,41
Jhargram, West Bengal,33,KALIPADA SAREN (KHERWAL),All India Trinamool Congress,174048,1869883,1198927,82.54939338,23.5
Jorhat, Assam,14,GAURAV GOGOI,Indian National Congress,144393,1888942,1346243,79.94844335,3.5
Joynagar, West Bengal,19,PRATIMA MONDAL,All India Trinamool Congress,470219,1319952,1057965,83.55037008,59
Junagadh, Gujarat,13,CHUDASAMA RAJESHBHAI NARANBHAI,Bharatiya Janta Party,135494,1805964,1356102,81.25649738,37.5
KALLAKURICHI, Tamil Nadu,14,MALAIYARASAN D,Dravida Munnetra Kazhagam,53784,1576209,1005224,52.07965986,24.5
KANCHEEPURAM, Tamil Nadu,6,SELVAM. G,Dravida Munnetra Kazhagam,221473,1949895,1023198,76.43025302,5.5
KANGRA, Himachal Pradesh,1,DR RAJEEV BHARDWAJ,Bharatiya Janta Party,251895,1325963,1228242,49.01029223,8.5
KANKER, Chhattisgarh,11,BHOJRAJ NAG,Bharatiya Janta Party,1884,1599120,1124047,83.40631482,20.5
KANNIYAKUMARI, Tamil Nadu,39,VIJAYAKUMAR (Alias) VIJAY VASANTH,Indian National Congress,179907,1779143,981400,80.19876986,30.5
KARAULI-DHOLPUR, Rajasthan,10,BHAJAN LAL JATAV,Indian National Congress,98945,1412538,1234655,84.83814345,40.5
KARNAL, Haryana,5,MANOHAR LAL,Bharatiya Janta Party,232577,1563160,1228292,47.09171068,40.5
KARUR, Tamil Nadu,23,JOTHIMANI. S,Indian National Congress,166816,1663513,1424687,74.89140073,37
KHAJURAHO, Madhya Pradesh,8,VISHNU DATT SHARMA (V.D.SHARMA),Bharatiya Janta Party,541229,1490339,1204375,85.22571579,11.5
KHANDWA, Madhya Pradesh,28,GYANESHWAR PATIL,Bharatiya Janta Party,269971,1861577,890313,62.00088173,52
KHARGONE, Madhya Pradesh,27,GAJENDRA SINGH PATEL,Bharatiya Janta Party,135018,1601060,1237612,42.0888386,43.5
KORBA, Chhattisgarh,4,JYOTSNA CHARANDAS MAHANT,Indian National Congress,43283,1235291,941985,78.77736988,42
KOTA, Rajasthan,24,OM BIRLA,Bharatiya Janta Party,41974,1258601,1006989,50.72754641,8.5
KRISHNAGIRI, Tamil Nadu,9,GOPINATH K,Indian National Congress,192486,1531469,1159193,79.19025714,58.5
KURUKSHETRA, Haryana,2,NAVEEN JINDAL,Bharatiya Janta Party,29021,1827515,1140496,48.44765442,50
Kachchh, Gujarat,1,CHAVDA VINOD LAKHAMSHI,Bharatiya Janta Party,268782,1477243,1048377,66.45290065,47.5
Kadapa, Andhra Pradesh,21,Y. S. AVINASH REDDY,Yuvajana Sramika Rythu Congress Party,62695,1201236,1053842,27.69376033,2
Kairana, Uttar Pradesh,2,IQRA CHOUDHARY,Samajwadi Party,69116,1936426,842994,80.31901426,24
Kaiserganj, Uttar Pradesh,57,KARAN BHUSHAN SINGH,Bharatiya Janta Party,148843,1793513,1424247,70.47850351,37.5
Kakinada, Andhra Pradesh,6,TANGELLA UDAY SRINIVAS (TEA TIME UDAY),Janasena Party,229491,1759358,868798,84.59053912,1.5
Kalahandi, Odisha,11,MALVIKA DEVI,Bharatiya Janta Party,133813,1782015,998044,88.29270433,36
Kalyan, Maharashtra,24,DR SHRIKANT EKNATH SHINDE,Shiv Sena,209144,1544460,1147697,88.27162603,50.5
Kandhamal, Odisha,13,SUKANTA KUMAR PANIGRAHI,Bharatiya Janta Party,21371,1821231,1300722,96.82095867,23
Kannauj, Uttar Pradesh,42,AKHILESH YADAV,Samajwadi Party,170922,1365804,1103165,91.22396893,41
Kannur, Kerala,2,K. SUDHAKARAN,Indian National Congress,108982,1305827,1100051,43.44907374,33
Kanpur, Uttar Pradesh,43,RAMESH AWASTHI,Bharatiya Janta Party,20968,1645713,1117734,22.42592478,47.5
Kanthi, West Bengal,31,ADHIKARI SOUMENDU,Bharatiya Janta Party,47764,1743036,974438,97.33623216,13
Karakat, Bihar,35,RAJA RAM SINGH,Communist Party of India (Marxist-Leninist) (Liberation),105858,1658168,1236466,26.84405934,52.5
Karimganj, Assam,7,KRIPANATH MALLAH,Bharatiya Janta Party,18360,1449996,1176292,64.54007291,47.5
Karimnagar, Telangana,3,BANDI SANJAY KUMAR,Bharatiya Janta Party,225209,1599081,1046032,24.39100814,16.5
Kasaragod, Kerala,1,RAJMOHAN UNNITHAN,Indian National Congress,100649,1653928,966813,33.6586101,42
Katihar, Bihar,11,TARIQ ANWAR,Indian National Congress,49863,1801044,1257783,80.69525627,51
Kaushambi, Uttar Pradesh,50,PUSHPENDRA SAROJ,Samajwadi Party,103944,1441181,1139831,27.83222607,13.5
Kaziranga, Assam,10,KAMAKHYA PRASAD TASA,Bharatiya Janta Party,248947,1849606,1468138,92.09825474,38.5
Kendrapara, Odisha,15,BAIJAYANT PANDA,Bharatiya Janta Party,66536,1783776,1427607,78.09494477,9.5
Keonjhar, Odisha,4,ANANTA NAYAK,Bharatiya Janta Party,97042,1697520,1098633,72.85679753,16.5
Khadoor Sahib, Punjab,3,AMRITPAL SINGH,Independent,197120,1729085,1136660,33.05274189,12
Khagaria, Bihar,25,RAJESH VERMA,Lok Janshakti Party(Ram Vilas),161131,1165658,832377,38.06358914,23
Khammam, Telangana,17,RAMASAHAYAM RAGHURAM REDDY,Indian National Congress,467847,1652940,1101603,93.7127537,28.5
Kheda, Gujarat,17,DEVUSINH CHAUHAN,Bharatiya Janta Party,357758,1765156,1209541,85.20730658,40
Kheri, Uttar Pradesh,28,UTKARSH VERMA 'MADHUR',Samajwadi Party,34329,1510051,1479485,47.22005562,27.5
Khunti, Jharkhand,11,KALI CHARAN MUNDA,Indian National Congress,149675,1608229,1258551,81.72141119,35
Kishanganj, Bihar,10,MOHAMMAD JAWED,Indian National Congress,59692,1805949,1330852,49.15877346,30.5
Kodarma, Jharkhand,5,ANNPURNA DEVI,Bharatiya Janta Party,377014,1904710,1206645,81.07309487,20.5
Kokrajhar, Assam,1,JOYANTA BASUMATARY,"United People’s Party, Liberal",51583,1618835,950613,38.33269129,21.5
Kolar, Karnataka,28,M. MALLESH BABU,Janata Dal (Secular),71388,1242521,968123,99.19077657,45.5
Kolhapur, Maharashtra,47,CHHATRAPATI SHAHU SHAHAJI,Indian National Congress,154964,1706900,1190347,41.86656455,17
Kolkata Dakshin, West Bengal,23,MALA ROY,All India Trinamool Congress,187231,1385228,1080161,89.72346697,40
Kolkata Uttar, West Bengal,24,BANDYOPADHYAY SUDIP,All India Trinamool Congress,92560,1340544,1137003,51.23614342,50
Kollam, Kerala,18,N K PREMACHANDRAN,Revolutionary Socialist Party,150302,1900514,1367034,80.63630255,56.5
Koppal, Karnataka,8,K. RAJASHEKAR BASAVARAJ HITNAL,Indian National Congress,46357,1168104,910339,88.86860659,36
Koraput, Odisha,21,SAPTAGIRI SANKAR ULAKA,Indian National Congress,147744,1245068,1076193,84.34485265,6
Kottayam, Kerala,14,ADV K FRANCIS GEORGE,Kerala Congress,87266,1482269,1161369,85.46841678,40
Kozhikode, Kerala,5,M. K. RAGHAVAN,Indian National Congress,146176,1774833,1366443,93.21876857,30.5
Krishnanagar, West Bengal,12,MAHUA MOITRA,All India Trinamool Congress,56705,1354509,1183035,62.24840982,31
Kurnoolu, Andhra Pradesh,18,BASTIPATI NAGARAJU PANCHALINGALA,Telugu Desam,111298,1579115,1230202,64.10520544,46
Kushi Nagar, Uttar Pradesh,65,VIJAY KUMAR DUBAY,Bharatiya Janta Party,81790,1734356,1053117,93.71492705,12.5
Ladakh, Ladakh,1,MOHMAD HANEEFA,Independent,27862,166763,126426,67.38579455,26
Lakhimpur, Uttar Pradesh,12,PRADAN BARUAH,Bharatiya Janta Party,201257,1621466,1283589,53.59894936,55.5
Lakshadweep, Lakshadweep,1,MUHAMMED HAMDULLAH SAYEED,Indian National Congress,2647,149922,147009,92.34773354,50.5
Lalganj, Uttar Pradesh,68,DAROGA PRASAD SAROJ,Samajwadi Party,115023,2733044,2560568,31.85206826,29.5
Latur, Maharashtra,41,DR. KALGE SHIVAJI BANDAPPA,Indian National Congress,61881,1802702,1176542,94.94609956,5.5
Lohardaga, Jharkhand,12,SUKHDEO BHAGAT,Indian National Congress,139138,2187646,1817550,69.4628462,52.5
Lucknow, Uttar Pradesh,35,RAJ NATH SINGH,Bharatiya Janta Party,135159,1939448,1116445,82.15122567,20.5
Ludhiana, Punjab,7,AMRINDER SINGH RAJA WARRING,Indian National Congress,20942,1641976,1046955,68.8502856,56
MADURAI, Tamil Nadu,32,VENKATESAN S,Communist Party of India (Marxist),209409,1777073,1034925,87.96183051,18.5
MAHASAMUND, Chhattisgarh,9,ROOP KUMARI CHOUDHARY,Bharatiya Janta Party,145456,1296361,1244570,79.21922047,23
MANDI, Himachal Pradesh,2,KANGNA RANAUT,Bharatiya Janta Party,74755,1825200,1216319,75.59867296,22.5
MANDLA, Madhya Pradesh,14,FAGGAN SINGH KULASTE,Bharatiya Janta Party,103846,1874003,1147274,81.35506704,29
MANDSOUR, Madhya Pradesh,23,SUDHEER GUPTA,Bharatiya Janta Party,500655,1780846,963708,34.56835056,42
MAYILADUTHURAI, Tamil Nadu,28,SUDHA R,Indian National Congress,271183,1521452,1016026,87.25961538,24.5
MIZORAM, Mizoram,1,RICHARD VANLALHMANGAIHA,Zoram People’s Movement,68288,1336286,983535,93.4127603,58
MORENA, Madhya Pradesh,1,SHIVMANGAL SINGH TOMAR,Bharatiya Janta Party,52530,1866715,1226916,26.44982259,8
Machhlishahr, Uttar Pradesh,74,PRIYA SAROJ,Samajwadi Party,35850,1793406,972703,94.31644481,2
Machilipatnam, Andhra Pradesh,11,BALASHOWRY VALLABHANENI,Janasena Party,223179,1613418,1222335,24.17339601,25
Madha, Maharashtra,43,MOHITE-PATIL DHAIRYASHEEL RAJSINH,Nationalist Congress Party – Sharadchandra Pawar,120837,2817629,2584634,96.2409514,3
Madhepura, Bihar,13,DINESH CHANDRA YADAV,Janata Dal (United),174534,1607923,1081938,97.51788269,7
Madhubani, Bihar,6,ASHOK KUMAR YADAV,Bharatiya Janta Party,151945,1681508,976518,79.3677646,56.5
Mahabubabad, Telangana,16,BALRAM NAIK PORIKA,Indian National Congress,349165,1306617,1034618,91.30333663,15
Maharajganj, Uttar Pradesh,63,PANKAJ CHAUDHARY,Bharatiya Janta Party,35451,1461017,1279202,73.2544213,13.5
Maharajganj, Uttar Pradesh,19,"JANARDAN SINGH ""SIGRIWAL""",Bharatiya Janta Party,102651,1569035,1354706,71.55810558,37.5
Mahbubnagar, Telangana,11,ARUNA. D. K,Bharatiya Janta Party,4500,2958564,1563063,40.62084511,46
Mahesana, Gujarat,4,HARIBHAI PATEL,Bharatiya Janta Party,328046,1150408,941371,57.90100939,28
Mainpuri, Uttar Pradesh,21,DIMPLE YADAV,Samajwadi Party,221639,1901547,1517255,87.59515947,46
Malappuram, Kerala,6,E.T. MOHAMMED BASHEER,Indian Union Muslim League,300118,1714857,1370667,94.24406001,13
Maldaha Dakshin, West Bengal,8,ISHA KHAN CHOUDHURY,Indian National Congress,128368,1684216,1379210,94.46638612,11
Maldaha Uttar, West Bengal,7,KHAGEN MURMU,Bharatiya Janta Party,77708,1723812,1506107,42.66582429,12
Malkajgiri, Telangana,7,EATALA RAJENDER,Bharatiya Janta Party,391475,1748275,1102731,88.59320064,58
Mandya, Karnataka,20,H.D. KUMARASWAMY,Janata Dal (Secular),284620,1810407,1401953,96.48935855,42.5
Mathura, Uttar Pradesh,17,HEMAMALINI DHARMENDRA DEOL,Bharatiya Janta Party,293407,2175681,1368872,84.74877998,48
Mathurapur, West Bengal,20,BAPI HALDAR,All India Trinamool Congress,201057,1264914,971035,56.35844198,44.5
Maval, Maharashtra,33,SHRIRANG APPA CHANDU BARNE,Shiv Sena,96615,1466813,1097243,88.64655336,31
Mavelikkara, Kerala,16,KODIKUNNIL SURESH,Indian National Congress,10868,1437970,1150357,55.61421588,58
Mayurbhanj, Odisha,5,NABA CHARAN MAJHI,Bharatiya Janta Party,219334,1514728,1150223,35.9466506,46.5
Medak, Telangana,6,MADHAVANENI RAGHUNANDAN RAO,Bharatiya Janta Party,39139,1815330,1409815,61.56350861,22.5
Medinipur, West Bengal,34,JUNE MALIAH,All India Trinamool Congress,27191,1817780,1216413,46.90185129,6.5
Meerut, Uttar Pradesh,10,ARUN GOVIL,Bharatiya Janta Party,10585,1805890,1108965,45.29309017,5.5
Mirzapur, Uttar Pradesh,79,ANUPRIYA PATEL,Apna Dal (Soneylal),37810,1762049,1026668,56.2976896,56.5
Misrikh, Uttar Pradesh,32,ASHOK KUMAR RAWAT,Bharatiya Janta Party,33406,725057,499621,66.1147124,42.5
Mohanlalganj, Uttar Pradesh,34,R.K. CHAUDHARY,Samajwadi Party,70292,1915170,1269040,71.76386631,14.5
Moradabad, Uttar Pradesh,6,RUCHI VIRA,Samajwadi Party,105762,1886615,1282206,79.53421536,18.5
Mumbai North, Maharashtra,26,PIYUSH GOYAL,Bharatiya Janta Party,357608,1739025,1137290,94.63310564,28
Mumbai North Central, Maharashtra,29,GAIKWAD VARSHA EKNATH,Indian National Congress,16514,1563706,989759,38.5190723,37.5
Mumbai North East, Maharashtra,28,SANJAY DINA PATIL,Shiv Sena (Uddhav Balasaheb Thackrey),29861,1610246,901784,22.21969182,16.5
Mumbai North West, Maharashtra,27,RAVINDRA DATTARAM WAIKAR,Shiv Sena,48,1527514,908993,94.540918,55
Mumbai South, Maharashtra,31,ARVIND GANPAT SAWANT,Shiv Sena (Uddhav Balasaheb Thackrey),52673,1908991,941497,98.41331722,15
Mumbai South Central, Maharashtra,30,ANIL YESHWANT DESAI,Shiv Sena (Uddhav Balasaheb Thackrey),53384,1537955,801611,65.86587417,24
Munger, Bihar,28,RAJIV RANJAN SINGH ALIAS LALAN SINGH,Janata Dal (United),80870,1388390,797250,99.09102783,50.5
Murshidabad, West Bengal,11,ABU TAHER KHAN,All India Trinamool Congress,164215,1870993,1036268,47.67943354,9.5
Muzaffarnagar, Uttar Pradesh,3,HARENDRA SINGH MALIK,Samajwadi Party,24672,1824697,1453755,41.40740211,10
Muzaffarpur, Bihar,15,RAJ BHUSHAN CHOUDHARY,Bharatiya Janta Party,234927,1647368,1160071,85.87488027,1.5
Mysore, Karnataka,21,YADUVEER KRISHNADATTA CHAMARAJA WADIYAR,Bharatiya Janta Party,139262,1710868,1058086,96.38755011,16.5
NAGAPATTINAM, Tamil Nadu,29,SELVARAJ V,Communist Party of India,208957,1873063,1318041,87.8144035,32.5
NAGAUR, Rajasthan,14,HANUMAN BENIWAL,Rashtriya Loktantrik Party,42225,1401704,1159700,32.42408293,41
NAMAKKAL, Tamil Nadu,16,MATHESWARAN V S,Dravida Munnetra Kazhagam,29112,1190285,1006357,22.24076614,28.5
NILGIRIS, Tamil Nadu,19,RAJA A,Dravida Munnetra Kazhagam,240585,1292695,1002208,53.53302995,10
Nabarangpur, Odisha,12,BALABHADRA MAJHI,Bharatiya Janta Party,87536,1501178,989847,80.05502063,35
Nagaland, Nagaland,1,S SUPONGMEREN JAMIR,Indian National Congress,50984,1741967,1203124,97.66385638,14.5
Nagaon, Assam,9,PRADYUT BORDOLOI,Indian National Congress,212231,1538579,1009456,37.00799933,16.5
Nagarkurnool, Telangana,12,DR.MALLU RAVI,Indian National Congress,94414,2060047,1186051,63.0963794,11.5
Nagina, Uttar Pradesh,5,CHANDRASHEKHAR,Aazad Samaj Party (Kanshi Ram),151473,1754749,1258570,92.33271458,47.5
Nagpur, Maharashtra,10,NITIN JAIRAM GADKARI,Bharatiya Janta Party,137603,1809760,1031286,43.20002754,38
Nainital-Udhamsingh Nagar, Uttarakhand,4,AJAY BHATT,Bharatiya Janta Party,334548,1501209,1175703,52.89849689,53
Nalanda, Bihar,29,KAUSHALENDRA KUMAR,Janata Dal (United),169114,1383282,1133774,65.80535789,4.5
Nalgonda, Telangana,13,KUNDURU RAGHUVEER,Indian National Congress,559905,1632971,1129350,59.08577991,39
Nanded, Maharashtra,16,CHAVAN VASANTRAO BALWANTRAO,Indian National Congress,59442,1796321,1281738,49.35880102,54.5
Nandurbar, Maharashtra,1,ADV GOWAAL KAGADA PADAVI,Indian National Congress,159120,1402585,1299093,49.01842404,40
Nandyal, Andhra Pradesh,17,DR BYREDDY SHABARI,Telugu Desam,111975,1545916,1437420,61.99849143,28
Narsapuram, Andhra Pradesh,9,BHUPATHI RAJU SRINIVASA VARMA (B.J.P.VARMA),Bharatiya Janta Party,276802,1294966,1177738,87.90033777,51
Narsaraopet, Andhra Pradesh,14,LAVU SRIKRISHNA DEVARAYALU,Telugu Desam,159729,1764151,1121232,99.25307496,56
Nashik, Maharashtra,21,RAJABHAU (PARAG) PRAKASH WAJE,Shiv Sena (Uddhav Balasaheb Thackrey),162001,1904607,1308018,25.36388379,50.5
Navsari, Gujarat,25,C R PATIL,Bharatiya Janta Party,773551,1892017,942462,94.72828334,29.5
Nawada, Bihar,39,VIVEK THAKUR,Bharatiya Janta Party,67670,1460959,1287036,36.67867625,34
Nellore, Andhra Pradesh,22,PRABHAKAR REDDY VEMIREDDY,Telugu Desam,245902,1490147,920541,36.00437713,33
New Delhi, Delhi,4,BANSURI SWARAJ,Bharatiya Janta Party,78370,1336480,1010719,48.92129915,52
Nizamabad, Telangana,4,ARVIND DHARMAPURI,Bharatiya Janta Party,109241,1445388,1062768,96.85624464,5.5
North Goa, Goa,1,SHRIPAD YESSO NAIK,Bharatiya Janta Party,116015,1957707,1461475,72.21008496,1
North-East Delhi, Delhi,2,MANOJ TIWARI,Bharatiya Janta Party,138778,545009,428628,98.1384386,23
North-West Delhi, Delhi,5,YOGENDER CHANDOLIYA,Bharatiya Janta Party,290849,2194425,1402962,48.70205977,52
Ongole, Andhra Pradesh,16,MAGUNTA SREENIVASULU REDDY,Telugu Desam,50199,1736245,1493475,65.23978114,2.5
Osmanabad, Maharashtra,40,OMPRAKASH BHUPALSINH ALIAS PAVAN RAJENIMBALKAR,Shiv Sena (Uddhav Balasaheb Thackrey),329846,1410224,1342368,28.9955904,49
Outer Manipur, Manipur,2,ALFRED KANNGAM S ARTHUR,Indian National Congress,85418,1783129,1204730,61.47821738,42
PALI, Rajasthan,15,P. P. CHAUDHARY,Bharatiya Janta Party,245351,918966,858029,39.29240997,5.5
PERAMBALUR, Tamil Nadu,25,ARUN NEHRU,Dravida Munnetra Kazhagam,389107,1274734,1028249,86.62961361,45.5
POLLACHI, Tamil Nadu,21,ESWARASAMY K,Dravida Munnetra Kazhagam,252042,1800197,1209747,56.29312318,13.5
PUDUCHERRY, Puducherry,1,VE VAITHILINGAM,Indian National Congress,136516,1727531,1201941,20.42263991,52.5
Palakkad, Kerala,8,V K SREEKANDAN,Indian National Congress,75283,2105101,1359799,88.27597505,9.5
Palamau, Jharkhand,13,VISHNU DAYAL RAM,Bharatiya Janta Party,288807,1696054,1083676,20.40436642,59
Palghar, Maharashtra,22,DR. HEMANT VISHNU SAVARA,Bharatiya Janta Party,183306,1902298,1252782,83.67314602,45
Panchmahal, Gujarat,18,RAJPALSINH MAHENDRASINH JADAV,Bharatiya Janta Party,509342,1606271,1012936,90.75874931,53
Parbhani, Maharashtra,17,JADHAV SANJAY ( BANDU ) HARIBHAU,Shiv Sena (Uddhav Balasaheb Thackrey),134061,1909112,1077749,79.64136932,43.5
Paschim Champaran, Bihar,2,DR.SANJAY JAISWAL,Bharatiya Janta Party,136568,1689822,1126256,48.57607433,15
Patan, Gujarat,3,DABHI BHARATSINHJI SHANKARJI,Bharatiya Janta Party,31876,1332683,1026553,50.39165755,41
Pathanamthitta, Kerala,17,ANTO ANTONY,Indian National Congress,66119,1691510,1177903,95.52992215,17.5
Patiala, Punjab,13,DR DHARAMVIRA GANDHI,Indian National Congress,14831,2136800,982285,46.36497915,26
Patliputra, Bihar,31,MISHA BHARTI,Rashtriya Janata Dal,85174,1368475,970051,48.24137671,30.5
Patna Sahib, Bihar,30,RAVI SHANKAR PRASAD,Bharatiya Janta Party,153846,1376502,1102767,88.14635378,58.5
Peddapalle, Telangana,2,VAMSI KRISHNA GADDAM,Indian National Congress,131364,1950247,978236,54.52286779,57
Phulpur, Uttar Pradesh,51,PRAVEEN PATEL,Bharatiya Janta Party,4332,1730628,1186589,30.77032304,10
Pilibhit, Uttar Pradesh,26,JITIN PRASADA,Bharatiya Janta Party,164935,1716498,1081875,95.79729885,21
Ponnani, Kerala,7,DR. M.P ABDUSSAMAD SAMADANI,Indian Union Muslim League,235760,1265341,1017265,92.31135027,23.5
Porbandar, Gujarat,11,DR. MANSUKH MANDAVIYA,Bharatiya Janta Party,383360,1626015,949947,90.3074792,6.5
Pratapgarh, Uttar Pradesh,39,SHIV PAL SINGH PATEL (DR. S P SINGH),Samajwadi Party,66206,1670655,914665,84.14312325,3
Pune, Maharashtra,34,MURLIDHAR MOHOL,Bharatiya Janta Party,123038,969845,790760,39.76937269,13
Puri, Odisha,17,SAMBIT PATRA,Bharatiya Janta Party,104709,1997594,1035236,88.65956914,21
Purnia, Bihar,12,RAJESH RANJAN ALIAS PAPPU YADAV,Independent,23847,1500546,1135620,64.73364975,1.5
Purulia, West Bengal,35,JYOTIRMAY SINGH MAHATO,Bharatiya Janta Party,17079,2055471,1153940,95.3892344,16.5
Purvi Champaran, Bihar,3,RADHA MOHAN SINGH,Bharatiya Janta Party,88287,1761215,1355236,75.363137,36.5
RAIGARH, Chhattisgarh,2,RADHESHYAM RATHIYA,Bharatiya Janta Party,240391,1631187,999400,85.15859263,38.5
RAIPUR, Chhattisgarh,8,BRIJMOHAN AGRAWAL,Bharatiya Janta Party,575285,1628549,958556,83.84396205,53
RAJGARH, Madhya Pradesh,20,RODMAL NAGAR,Bharatiya Janta Party,146089,1896652,1124385,40.71513021,41
RAJNANDGAON, Chhattisgarh,6,SANTOSH PANDEY,Bharatiya Janta Party,44411,1598012,1025467,56.22117956,25
RAJSAMAND, Rajasthan,22,MAHIMA KUMARI MEWAR,Bharatiya Janta Party,392223,1531944,1277109,98.27005968,34.5
RAMANATHAPURAM, Tamil Nadu,35,NAVASKANI K,Indian Union Muslim League,166782,1714355,1350124,37.20889544,45
RATLAM, Madhya Pradesh,24,ANITA NAGARSINGH CHOUHAN,Bharatiya Janta Party,207232,2046014,1396250,87.84483889,6.5
REWA, Madhya Pradesh,10,JANARDAN MISHRA,Bharatiya Janta Party,193374,1382260,1250427,23.73133914,35.5
ROHTAK, Haryana,7,DEEPENDER SINGH HOODA,Indian National Congress,345298,1406762,1224354,33.24389626,58.5
Rae Bareli, Uttar Pradesh,36,RAHUL GANDHI,Indian National Congress,390030,1649452,1260329,85.66557683,40.5
Raichur, Karnataka,6,G. KUMAR NAIK.,Indian National Congress,79781,1839420,1195271,91.06243402,42.5
Raigad, Maharashtra,32,TATKARE SUNIL DATTATREY,Nationalist Congress Party,82784,1422969,1047657,50.36111026,33
Raiganj, West Bengal,5,KARTICK CHANDRA PAUL,Bharatiya Janta Party,68197,1688647,1307033,42.14686968,26.5
Rajahmundry, Andhra Pradesh,8,DAGGUBATI PURANDHESHWARI,Bharatiya Janta Party,239139,1863749,1239845,36.16435431,19.5
Rajampet, Andhra Pradesh,24,P V MIDHUN REDDY,Yuvajana Sramika Rythu Congress Party,76071,2553058,2266146,83.76708482,19
Rajkot, Gujarat,10,PARSHOTTAMBHAI RUPALA,Bharatiya Janta Party,484260,1658551,1060921,35.35021316,42.5
Rajmahal, Jharkhand,1,VIJAY KUMAR HANSDAK,Jharkhand Mukti Morcha,178264,1818912,1196744,28.94818855,37.5
Rampur, Uttar Pradesh,7,MOHIBBULLAH,Samajwadi Party,87434,1974979,1484035,98.99285457,29
Ramtek, Maharashtra,9,Shyamkumar (Babalu) Daulat Barve,Indian National Congress,76768,1827355,1235441,59.74133241,41
Ranaghat, West Bengal,13,JAGANNATH SARKAR,Bharatiya Janta Party,186899,1802722,1400509,59.15830905,49
Ranchi, Jharkhand,8,SANJAY SETH,Bharatiya Janta Party,120512,1393965,1101102,26.94227115,41
Ratnagiri- Sindhudurg, Maharashtra,46,NARAYAN TATU RANE,Bharatiya Janta Party,47858,1707838,1092971,94.53139475,56
Raver, Maharashtra,4,KHADSE RAKSHA NIKHIL,Bharatiya Janta Party,272183,1628121,1013251,42.05815698,44.5
Robertsganj, Uttar Pradesh,80,CHHOTELAL,Samajwadi Party,129234,2672073,1588287,83.95993945,4
SAGAR, Madhya Pradesh,5,DR. LATA WANKHEDE,Bharatiya Janta Party,471222,1638605,1220571,45.53121003,21.5
SALEM, Tamil Nadu,15,SELVAGANAPATHI T M,Dravida Munnetra Kazhagam,70357,1695262,1218354,87.05364501,34.5
SATNA, Madhya Pradesh,9,GANESH SINGH,Bharatiya Janta Party,84949,1550731,1037175,41.62253544,9.5
SHAHDOL, Madhya Pradesh,12,SMT. HIMADRI SINGH,Bharatiya Janta Party,397340,2677662,2231746,49.65088474,45.5
SHIMLA, Himachal Pradesh,4,Suresh Kumar Kashyap,Bharatiya Janta Party,91451,1580013,1255459,30.94262575,30.5
SIDHI, Madhya Pradesh,11,DR. RAJESH MISHRA,Bharatiya Janta Party,206416,1652927,921066,71.44385187,54
SIKAR, Rajasthan,5,AMRARAM,Communist Party of India (Marxist),72896,1655671,1019025,38.01904097,50.5
SIRSA, Haryana,3,SELJA,Indian National Congress,268497,1399694,1124455,23.68673242,32.5
SIVAGANGA, Tamil Nadu,31,KARTI P CHIDAMBARAM,Indian National Congress,205664,1782261,1183469,46.65678612,58.5
SONIPAT, Haryana,6,SATPAL BRAHAMCHARI,Indian National Congress,21816,1424936,1189958,36.46748285,6
SRINAGAR, Jammu and Kashmir,2,AGA SYED RUHULLAH MEHDI,Jammu & Kashmir National Conference,188416,1501950,1105888,94.45570691,6.5
SRIPERUMBUDUR, Tamil Nadu,5,T R BAALU,Dravida Munnetra Kazhagam,487029,1935219,1063390,94.39545822,3.5
SURGUJA, Chhattisgarh,1,CHINTAMANI MAHARAJ,Bharatiya Janta Party,64822,1655736,941656,98.8982797,11
Sabarkantha, Gujarat,5,SHOBHANABEN MAHENDRASINH BARAIYA,Bharatiya Janta Party,155682,1617451,1280689,38.4494229,2
Saharanpur, Uttar Pradesh,1,IMRAN MASOOD,Indian National Congress,64542,1771935,974749,99.04729248,34.5
Salempur, Uttar Pradesh,71,RAMASHANKAR RAJBHAR,Samajwadi Party,3573,1753567,1115434,75.61560935,28
Samastipur, Bihar,23,SHAMBHAVI,Lok Janshakti Party(Ram Vilas),187251,1533662,1113656,62.28356975,58
Sambalpur, Odisha,3,DHARMENDRA PRADHAN,Bharatiya Janta Party,119836,1890049,915106,58.15875998,43.5
Sambhal, Uttar Pradesh,8,ZIA UR REHMAN,Samajwadi Party,121494,1626916,1237858,55.16842838,27
Sangli, Maharashtra,44,VISHAL (DADA) PRAKASHBAPU PATIL,Independent,100053,2013411,1186157,28.96805474,3
Sangrur, Punjab,12,GURMEET SINGH MEET HAYER,Aam Aadmi Party,172560,1660635,1004559,97.28222785,6
Sant Kabir Nagar, Uttar Pradesh,62,LAXMIKANT PAPPU NISHAD,Samajwadi Party,92170,1154272,1084190,94.9398848,19.5
Saran, Bihar,20,RAJIV PRATAP RUDY,Bharatiya Janta Party,13661,1153363,913608,75.87122796,10.5
Sasaram, Bihar,34,MANOJ KUMAR,Indian National Congress,19157,1640421,1283577,60.10136512,14
Satara, Maharashtra,45,SHRIMANT CHH UDAYANRAJE PRATAPSINHAMAHARAJ BHONSLE,Bharatiya Janta Party,32771,1524878,1029362,63.73114658,54
Secunderabad, Telangana,8,G. KISHAN REDDY,Bharatiya Janta Party,49944,2045438,1293117,92.84391351,25
Shahjahanpur, Uttar Pradesh,27,ARUN KUMAR SAGAR,Bharatiya Janta Party,55379,1868891,1597007,94.78698832,26
Sheohar, Bihar,4,LOVELY ANAND,Janata Dal (United),29143,1822205,1282705,15.93251578,53.5
Shillong, Meghalaya,1,DR. RICKY ANDREW J. SYNGKON,Voice of the People Party,371910,1977129,1326969,40.46636376,50
Shimoga, Karnataka,14,B.Y.RAGHAVENDRA,Bharatiya Janta Party,243715,410317,351746,84.48989405,16.5
Shirdi, Maharashtra,38,BHAUSAHEB RAJARAM WAKCHAURE,Shiv Sena (Uddhav Balasaheb Thackrey),50529,1002420,949696,51.73120786,55
Shirur, Maharashtra,36,DR. AMOL RAMSING KOLHE,Nationalist Congress Party – Sharadchandra Pawar,140951,2230774,2179329,97.85907305,51.5
Shrawasti, Uttar Pradesh,58,RAM SHIROMANI VERMA,Samajwadi Party,76673,1740188,1369486,32.51738751,14
Sikkim, Sikkim,1,INDRA HANG SUBBA,Sikkim Krantikari Morcha,80830,1738001,1038849,87.61705147,14
Silchar, Assam,8,PARIMAL SUKLABAIDYA,Bharatiya Janta Party,264311,1653132,1064521,63.98708629,54.5
Singhbhum, Jharkhand,10,JOBA MAJHI,Jharkhand Mukti Morcha,168402,1529700,1084468,36.18652453,3.5
Sitamarhi, Bihar,5,DEVESH CHANDRA THAKUR,Janata Dal (United),51356,1780670,984810,55.11101922,55
Sitapur, Uttar Pradesh,30,RAKESH RATHOR,Indian National Congress,89641,1747242,1084514,58.3266597,55.5
Siwan, Bihar,18,VIJAYLAKSHMI DEVI,Janata Dal (United),92857,2493894,2129532,52.74368944,31.5
Solapur, Maharashtra,42,PRANITI SUSHILKUMAR SHINDE,Indian National Congress,74197,1752741,1214222,36.36430654,25.5
Sonitpur, Assam,11,RANJIT DUTTA,Bharatiya Janta Party,361408,572200,424575,28.45648491,17.5
South Delhi, Delhi,7,RAMVIR SINGH BIDHURI,Bharatiya Janta Party,124333,1983013,1401705,84.16810657,11.5
South Goa, Goa,2,CAPTAIN VIRIATO FERNANDES,Indian National Congress,13535,1410763,1157329,51.60766831,11.5
Srerampur, West Bengal,27,KALYAN BANERJEE,All India Trinamool Congress,174830,1205233,186832,44.15864786,33.5
Srikakulam, Andhra Pradesh,2,KINJARAPU RAMMOHAN NAIDU,Telugu Desam,327901,2176499,1406782,52.88148594,4.5
Sultanpur, Uttar Pradesh,38,RAMBHUAL NISHAD,Samajwadi Party,43174,1739538,1000316,88.33463432,53
Sundargarh, Odisha,2,JUAL ORAM,Bharatiya Janta Party,138808,1508886,1100129,78.8486922,11.5
Supaul, Bihar,8,DILESHWAR KAMAIT,Janata Dal (United),169803,1680576,1110805,63.98807339,28.5
Surat, Gujarat,24,MUKESHKUMAR CHANDRAKAANT DALAL,Bharatiya Janta Party,,1606425,1068412,33.85881002,26.5
Surendranagar, Gujarat,9,CHANDUBHAI CHHAGANBHAI SHIHORA,Bharatiya Janta Party,261617,2812702,2577726,88.92763731,34
TENKASI, Tamil Nadu,37,DR RANI SRI KUMAR,Dravida Munnetra Kazhagam,196199,1839886,1446499,43.9793498,48
THANJAVUR, Tamil Nadu,30,MURASOLI S,Dravida Munnetra Kazhagam,319583,1439343,876069,88.80946739,46
THENI, Tamil Nadu,33,THANGA TAMILSELVAN,Dravida Munnetra Kazhagam,278825,1472742,1065569,51.41460597,57
THOOTHUKKUDI, Tamil Nadu,36,KANIMOZHI KARUNANIDHI,Dravida Munnetra Kazhagam,392738,1437189,1190196,18.10100438,11
TIKAMGARH, Madhya Pradesh,6,DR. VIRENDRA KUMAR,Bharatiya Janta Party,403312,2178348,1170518,96.6964969,48.5
TIRUCHIRAPPALLI, Tamil Nadu,24,DURAI VAIKO,Marumalarchi Dravida Munnetra Kazhagam,313094,1443417,1059223,43.28449038,33
TIRUNELVELI, Tamil Nadu,38,ROBERT BRUCE C,Indian National Congress,165620,1800597,1173489,47.49124029,34
TIRUPPUR, Tamil Nadu,18,"SUBBARAYAN, K.",Communist Party of India,125928,1882738,1408189,85.39686994,55
TIRUVALLUR, Tamil Nadu,1,Sasikanth Senthil,Indian National Congress,572155,1330409,1010180,89.92428539,57
TIRUVANNAMALAI, Tamil Nadu,11,"ANNADURAI, C.N.",Dravida Munnetra Kazhagam,233931,1402826,991263,90.27510691,52
TONK-SAWAI MADHOPUR, Rajasthan,12,HARISH CHANDRA MEENA,Indian National Congress,64949,1268671,1041869,32.9669032,46
Tamluk, West Bengal,30,ABHIJIT GANGOPADHYAY,Bharatiya Janta Party,77733,1717393,1096712,66.40165792,53
Tehri Garhwal, Uttarakhand,1,MALA RAJYA LAKSHMI SHAH,Bharatiya Janta Party,272493,1489425,1048062,82.66755917,13
Thane, Maharashtra,25,NARESH GANPAT MHASKE,Shiv Sena,217011,1526692,1039761,53.8721351,53.5
Thirupathi(SC), Andhra Pradesh,23,GURUMOORTHY MADDILA,Yuvajana Sramika Rythu Congress Party,14569,1509361,1313515,87.19087986,21.5
Thiruvananthapuram, Kerala,20,SHASHI THAROOR,Indian National Congress,16077,1490562,1119584,80.03482525,43.5
Thrissur, Kerala,10,SURESH GOPI,Bharatiya Janta Party,74686,2531287,2151729,61.69965338,6.5
Tripura East, Tripura,2,KRITI DEVI DEBBARMAN,Bharatiya Janta Party,486819,1893418,1233458,98.40240731,24
Tripura West, Tripura,1,BIPLAB KUMAR DEB,Bharatiya Janta Party,611578,1173233,1045417,44.59403775,31
Tumkur, Karnataka,19,V. SOMANNA,Bharatiya Janta Party,175594,1285794,1107755,54.05457418,19.5
Tura, Meghalaya,2,SALENG A SANGMA,Indian National Congress,155241,1584884,1244858,86.2012036,44
UDAIPUR, Rajasthan,19,MANNA LAL RAWAT,Bharatiya Janta Party,261608,692353,583041,33.0226087,42.5
UDHAMPUR, Jammu and Kashmir,4,DR JITENDRA SINGH,Bharatiya Janta Party,124373,2008400,1454518,77.98826104,30.5
UJJAIN, Madhya Pradesh,22,ANIL FIROJIYA,Bharatiya Janta Party,375860,1490244,1180123,96.30985665,18
Udupi Chikmagalur, Karnataka,15,KOTA SRINIVAS POOJARY,Bharatiya Janta Party,259175,1495439,1151012,42.13167642,51
Ujiarpur, Bihar,22,NITYANAND RAI,Bharatiya Janta Party,60102,1588209,969284,61.6098452,13
Uluberia, West Bengal,26,SAJDA AHMED,All India Trinamool Congress,218673,1624122,1252511,59.46521881,58
Unnao, Uttar Pradesh,33,SWAMI SACHCHIDANAND HARI SAKSHI,Bharatiya Janta Party,35818,1775607,1311099,69.86386004,13
Uttara Kannada, Karnataka,12,VISHWESHWAR HEGDE KAGERI,Bharatiya Janta Party,337428,2160607,1237076,86.32396832,16
VELLORE, Tamil Nadu,8,DM KATHIR ANAND,Dravida Munnetra Kazhagam,215702,1535047,1153480,85.46800166,3
VIDISHA, Madhya Pradesh,18,SHIVRAJ SINGH CHOUHAN,Bharatiya Janta Party,821408,1207556,1065619,36.25944992,5
VILUPPURAM, Tamil Nadu,13,RAVIKUMAR. D,Viduthalai Chiruthaigal Katch,70703,1707484,1222348,78.18514799,8.5
VIRUDHUNAGAR, Tamil Nadu,34,MANICKAM TAGORE B,Indian National Congress,4379,1721658,1074730,65.16607107,28.5
Vadakara, Kerala,3,SHAFI PARAMBIL,Indian National Congress,114506,1641701,1032090,68.75986929,47.5
Vadodara, Gujarat,20,DR. HEMANG JOSHI,Bharatiya Janta Party,582126,1628352,1260377,63.8020731,7.5
Vaishali, Bihar,16,VEENA DEVI,Lok Janshakti Party(Ram Vilas),89634,1784093,1060476,90.13887633,18
Valmiki Nagar, Bihar,1,SUNIL KUMAR,Janata Dal (United),98675,1700678,1250244,79.14682526,28.5
Valsad, Gujarat,26,DHAVAL LAXMANBHAI PATEL,Bharatiya Janta Party,210704,1362762,1277711,29.1036171,47.5
Varanasi, Uttar Pradesh,77,NARENDRA MODI,Bharatiya Janta Party,152513,1400389,1135540,67.18780177,1.5
Vijayawada, Andhra Pradesh,12,KESINENI SIVANATH (CHINNI),Telugu Desam,282085,1461240,1074735,61.66608961,40.5
Visakhapatnam, Andhra Pradesh,4,SRIBHARAT MATHUKUMILI,Telugu Desam,504247,1534088,1239754,99.87834789,34.5
Vizianagaram, Andhra Pradesh,3,APPALANAIDU KALISETTI,Telugu Desam,249351,1380455,1217890,43.5110241,22
Warangal, Telangana,15,KADIYAM KAVYA,Indian National Congress,220339,1578335,1061645,44.74626649,27.5
Wardha, Maharashtra,8,AMAR SHARADRAO KALE,Nationalist Congress Party – Sharadchandra Pawar,81648,1679788,1072570,54.57277009,28.5
Wayanad, Kerala,4,RAHUL GANDHI,Indian National Congress,364422,1306141,1092197,57.63557473,11
West Delhi, Delhi,6,KAMALJEET SEHRAWAT,Bharatiya Janta Party,199013,2039410,1441601,82.85656515,12
Yavatmal- Washim, Maharashtra,14,SANJAY UTTAMRAO DESHMUKH,Shiv Sena (Uddhav Balasaheb Thackrey),94473,1812059,1174220,77.41101224,44
Zahirabad, Telangana,5,SURESH KUMAR SHETKAR,Indian National Congress,46188,1411026,1044365,67.77029849,7.5
